FECHA_CORTE,ENTIDAD,RECURSOS ORDINARIOS,CONTRIBUCIONES A FONDOS,TOTAL,PERIODO
20230724,ELECTROLIMA,3613532.61,0,3613532.61,201803
20230724, EMSAL ,0,335736.16,335736.16,201803
20230724, ENATA S.A. ,0,192136.29,192136.29,201803
20230724, ENTEL ,0,2496184.88,2496184.88,201803
20230724, FODASA ,350555.27,0,350555.27,201803
20230724, INST NAC. ADM. PUBLICA - INAP ,485240.7,0,485240.7,201803
20230724, S.N.P. DL 19990 ,119805071.2,947380184.3,1067185256,201803
20230724, SOC. PARAMONGA LTDA. S.A. ,0,10303,10303,201803
20230724, D.L. 18846 ,5902333.64,35488366.58,41390700.22,201803
20230724, ENAPU ,13386737.83,1900527.07,15287264.9,201803
20230724, ENCI ,2895,0,2895,201803
20230724, INDUSTRIAL CACHIMAYO S.A. ,0,28755,28755,201803
20230724, R.T.P. ,139790.41,0,139790.41,201803
20230724, ENAFER ,64991,0,64991,201803
20230724, SERV. DE NAC.  DE INTELIGENCIA - SIN ,200085,0,200085,201803
20230724, PESCA PERU S.A. ,0,40343.35,40343.35,201803
20230724, LUSA ,0,6561,6561,201803
20230724, INSTITUTO NAC.de PLANIFICACION-INP ,614780.88,0,614780.88,201803
20230724, CIA PERUANA de VAPORES-CPV ,2540203.28,0,2540203.28,201803
20230724, CAJA de AHORROS DE LIMA-CAL ,963716.52,0,963716.52,201803
20230724, Serv.Nacnl.de Abstcmnt Agua Potable y Alcntrlld-SENAPA ,65904,0,65904,201803
20230724, COBERTURA SUPLETORIA SCTR-LEY 26790 ,9240696.81,0,9240696.81,201803
20230724, ENACE EN LIQUIDACION ,1050306.48,0,1050306.48,201803
20230724, AEROPERU ,4379,0,4379,201803
20230724, FONDO NACIONAL DE SALUD Y BIENESTAR SOCIAL ,165682.59,0,165682.59,201803
20230724, UNIDADES ADMINISTRATIVAS DE ENLACE TEMPORAL ,687301.15,0,687301.15,201803
20230724, BANCO MINERO DEL PERU EN LIQUIDACION ,5233,0,5233,201803
20230724, BANCO AGRARIO DEL PERU EN LIQUIDACION ,2570,0,2570,201803
20230724, CORPORACION NACIONAL DE DESARROLLO ,10267,0,10267,201803
20230724, CENTROMIN ,521402,280247.41,801649.41,201803
20230724, ELECTRONOROESTE ,2635,0,2635,201803
20230724, CEMENTOS YURA ,16393.23,0,16393.23,201803
20230724," FONDO COMPLM. De JUBLCN.MINERA, METLRG y SIDRG ",0,0,0,201803
20230724, FONDO PESQUERO LEY Nª 30003 ,0,9867984.23,9867984.23,201803
20230724, PETROPERÙ ,12441764.04,0,12441764.04,201803
20230724, BANCO DE LA NACIÒN  DS 051-88-PCM ,0,1042.12,1042.12,201803
20230724,ELECTROLIMA,7745268.71,0,7745268.71,201806
20230724, EMSAL ,0,629403.53,629403.53,201806
20230724, ENATA S.A. ,0,338026.06,338026.06,201806
20230724, ENTEL ,0,5169840,5169840,201806
20230724, FODASA ,689211.08,0,689211.08,201806
20230724, INST NAC. ADM. PUBLICA - INAP ,910124.08,0,910124.08,201806
20230724, S.N.P. DL 19990 ,269407866.4,1818174611,2087582477,201806
20230724, SOC. PARAMONGA LTDA. S.A. ,0,20847,20847,201806
20230724, D.L. 18846 ,11774929.96,73188971.17,84963901.13,201806
20230724, ENAPU ,25850861,4391607.17,30242468.17,201806
20230724, ENCI ,5792,0,5792,201806
20230724, INDUSTRIAL CACHIMAYO S.A. ,0,54707,54707,201806
20230724, R.T.P. ,271271.82,0,271271.82,201806
20230724, ENAFER ,132538.37,0,132538.37,201806
20230724, SERV. DE NAC.  DE INTELIGENCIA - SIN ,375986,0,375986,201806
20230724, PESCA PERU S.A. ,0,78888.18,78888.18,201806
20230724, LUSA ,0,13123,13123,201806
20230724, INSTITUTO NAC.de PLANIFICACION-INP ,1163866.84,0,1163866.84,201806
20230724, CIA PERUANA de VAPORES-CPV ,4369418.17,0,4369418.17,201806
20230724, CAJA de AHORROS DE LIMA-CAL ,1808877.35,0,1808877.35,201806
20230724, Serv.Nacnl.de Abstcmnt Agua Potable y Alcntrlld-SENAPA ,122442,0,122442,201806
20230724, COBERTURA SUPLETORIA SCTR-LEY 26790 ,19060957.07,0,19060957.07,201806
20230724, ENACE EN LIQUIDACION ,2053382.28,0,2053382.28,201806
20230724, AEROPERU ,8359,0,8359,201806
20230724, FONDO NACIONAL DE SALUD Y BIENESTAR SOCIAL ,308154.1,0,308154.1,201806
20230724, UNIDADES ADMINISTRATIVAS DE ENLACE TEMPORAL ,1286056.79,0,1286056.79,201806
20230724, BANCO MINERO DEL PERU EN LIQUIDACION ,10066,0,10066,201806
20230724, BANCO AGRARIO DEL PERU EN LIQUIDACION ,4739,0,4739,201806
20230724, CORPORACION NACIONAL DE DESARROLLO ,20335,0,20335,201806
20230724, CENTROMIN ,1071998,439945.86,1511943.86,201806
20230724, ELECTRONOROESTE ,5069,0,5069,201806
20230724, CEMENTOS YURA ,21109.23,0,21109.23,201806
20230724," FONDO COMPLM. De JUBLCN.MINERA, METLRG y SIDRG ",0,0,0,201806
20230724, FONDO PESQUERO LEY Nª 30003 ,0,19721334.72,19721334.72,201806
20230724, PETROPERÙ ,24313527.95,0,24313527.95,201806
20230724, BANCO DE LA NACIÒN  DS 051-88-PCM ,0,1684.24,1684.24,201806
20230724,ELECTROLIMA,22237963.45,0,22237963.45,201809
20230724, EMSAL ,0,993642.51,993642.51,201809
20230724, ENATA S.A. ,0,490389.17,490389.17,201809
20230724, ENTEL ,0,8033068.16,8033068.16,201809
20230724, FODASA ,1129588.32,0,1129588.32,201809
20230724, INST NAC. ADM. PUBLICA - INAP ,1376727.09,0,1376727.09,201809
20230724, S.N.P. DL 19990 ,488872351.8,2915665170,3404537522,201809
20230724, SOC. PARAMONGA LTDA. S.A. ,0,34851,34851,201809
20230724, D.L. 18846 ,17715687.26,119566991.8,137282679,201809
20230724, ENAPU ,41418071.08,7069305.98,48487377.06,201809
20230724, ENCI ,9654.44,0,9654.44,201809
20230724, INDUSTRIAL CACHIMAYO S.A. ,0,82760,82760,201809
20230724, R.T.P. ,461349.17,0,461349.17,201809
20230724, ENAFER ,218125.14,0,218125.14,201809
20230724, SERV. DE NAC.  DE INTELIGENCIA - SIN ,566321.51,0,566321.51,201809
20230724, PESCA PERU S.A. ,0,130277.57,130277.57,201809
20230724, LUSA ,0,19682,19682,201809
20230724, INSTITUTO NAC.de PLANIFICACION-INP ,1751202.1,0,1751202.1,201809
20230724, CIA PERUANA de VAPORES-CPV ,7148721.05,0,7148721.05,201809
20230724, CAJA de AHORROS DE LIMA-CAL ,2875910.25,0,2875910.25,201809
20230724, Serv.Nacnl.de Abstcmnt Agua Potable y Alcntrlld-SENAPA ,184438.7,0,184438.7,201809
20230724, COBERTURA SUPLETORIA SCTR-LEY 26790 ,34096352.9,0,34096352.9,201809
20230724, ENACE EN LIQUIDACION ,3244761.3,0,3244761.3,201809
20230724, AEROPERU ,12639.3,0,12639.3,201809
20230724, FONDO NACIONAL DE SALUD Y BIENESTAR SOCIAL ,464745.41,0,464745.41,201809
20230724, UNIDADES ADMINISTRATIVAS DE ENLACE TEMPORAL ,1930962.15,0,1930962.15,201809
20230724, BANCO MINERO DEL PERU EN LIQUIDACION ,15200.84,0,15200.84,201809
20230724, BANCO AGRARIO DEL PERU EN LIQUIDACION ,7209.49,0,7209.49,201809
20230724, CORPORACION NACIONAL DE DESARROLLO ,30552.86,0,30552.86,201809
20230724, CENTROMIN ,1779584.09,652874.52,2432458.61,201809
20230724, ELECTRONOROESTE ,7654.24,0,7654.24,201809
20230724, CEMENTOS YURA ,27789.17,0,27789.17,201809
20230724," FONDO COMPLM. De JUBLCN.MINERA, METLRG y SIDRG ",0,100213345.9,100213345.9,201809
20230724, FONDO PESQUERO LEY Nª 30003 ,0,33002962.8,33002962.8,201809
20230724, PETROPERÙ ,39431254,0,39431254,201809
20230724, BANCO DE LA NACIÒN  DS 051-88-PCM ,0,2626.36,2626.36,201809
20230724,ELECTROLIMA,25887726.63,0,25887726.63,201812
20230724, EMSAL ,0,1315062.68,1315062.68,201812
20230724, ENATA S.A. ,0,647232.28,647232.28,201812
20230724, ENTEL ,0,10852605.41,10852605.41,201812
20230724, FODASA ,1561380.77,0,1561380.77,201812
20230724, INST NAC. ADM. PUBLICA - INAP ,1838998.85,0,1838998.85,201812
20230724, S.N.P. DL 19990 ,611703902.7,4126030234,4737734136,201812
20230724, SOC. PARAMONGA LTDA. S.A. ,0,48853,48853,201812
20230724, D.L. 18846 ,23491094.05,170144192.2,193635286.3,201812
20230724, ENAPU ,55157109.9,10469451.81,65626561.71,201812
20230724, ENCI ,13516,0,13516,201812
20230724, INDUSTRIAL CACHIMAYO S.A. ,0,110812,110812,201812
20230724, R.T.P. ,596113.64,0,596113.64,201812
20230724, ENAFER ,296205,0,296205,201812
20230724, SERV. DE NAC.  DE INTELIGENCIA - SIN ,754039.14,0,754039.14,201812
20230724, PESCA PERU S.A. ,0,181667.96,181667.96,201812
20230724, LUSA ,0,25084,25084,201812
20230724, INSTITUTO NAC.de PLANIFICACION-INP ,2335407.06,0,2335407.06,201812
20230724, CIA PERUANA de VAPORES-CPV ,9094158.97,0,9094158.97,201812
20230724, CAJA de AHORROS DE LIMA-CAL ,3694749.33,0,3694749.33,201812
20230724, Serv.Nacnl.de Abstcmnt Agua Potable y Alcntrlld-SENAPA ,243377,0,243377,201812
20230724, COBERTURA SUPLETORIA SCTR-LEY 26790 ,48173148.61,0,48173148.61,201812
20230724, ENACE EN LIQUIDACION ,4569210.82,0,4569210.82,201812
20230724, AEROPERU ,16919,0,16919,201812
20230724, FONDO NACIONAL DE SALUD Y BIENESTAR SOCIAL ,617673.38,0,617673.38,201812
20230724, UNIDADES ADMINISTRATIVAS DE ENLACE TEMPORAL ,2583683.92,0,2583683.92,201812
20230724, BANCO MINERO DEL PERU EN LIQUIDACION ,20333,0,20333,201812
20230724, BANCO AGRARIO DEL PERU EN LIQUIDACION ,9679,0,9679,201812
20230724, CORPORACION NACIONAL DE DESARROLLO ,40770,0,40770,201812
20230724, CENTROMIN ,2472462.59,1618720.88,4091183.47,201812
20230724, ELECTRONOROESTE ,10238,0,10238,201812
20230724, CEMENTOS YURA ,33684.23,0,33684.23,201812
20230724," FONDO COMPLM. De JUBLCN.MINERA, METLRG y SIDRG ",0,100269997.1,100269997.1,201812
20230724, FONDO PESQUERO LEY Nª 30003 ,0,46579045.81,46579045.81,201812
20230724, PETROPERÙ ,54852276.49,0,54852276.49,201812
20230724, BANCO DE LA NACIÒN  DS 051-88-PCM ,0,3568.48,3568.48,201812
20230724,ELECTROLIMA,2858923.02,0,2858923.02,201903
20230724, EMSAL ,0,330899.69,330899.69,201903
20230724, ENATA S.A. ,0,183380.31,183380.31,201903
20230724, ENTEL ,0,2407137.57,2407137.57,201903
20230724, FODASA ,323889.41,0,323889.41,201903
20230724, INST NAC. ADM. PUBLICA - INAP ,485895.2,0,485895.2,201903
20230724, S.N.P. DL 19990 ,179393182.9,946894840.3,1126288023,201903
20230724, SOC. PARAMONGA LTDA. S.A. ,0,10680,10680,201903
20230724, D.L. 18846 ,5673103.88,38851706.77,44524810.65,201903
20230724, ENAPU ,11209578.9,2071647.17,13281226.07,201903
20230724, ENCI ,2986,0,2986,201903
20230724, INDUSTRIAL CACHIMAYO S.A. ,0,29385,29385,201903
20230724, R.T.P. ,142760.41,0,142760.41,201903
20230724, ENAFER ,59977,0,59977,201903
20230724, SERV. DE NAC.  DE INTELIGENCIA - SIN ,195763.38,0,195763.38,201903
20230724, PESCA PERU S.A. ,0,40794.07,40794.07,201903
20230724, LUSA ,0,4822,4822,201903
20230724, INSTITUTO NAC.de PLANIFICACION-INP ,651300.96,0,651300.96,201903
20230724, CIA PERUANA de VAPORES-CPV ,1964323.88,0,1964323.88,201903
20230724, CAJA de AHORROS DE LIMA-CAL ,940368.46,0,940368.46,201903
20230724, Serv.Nacnl.de Abstcmnt Agua Potable y Alcntrlld-SENAPA ,60441,0,60441,201903
20230724, COBERTURA SUPLETORIA SCTR-LEY 26790 ,12327527.12,0,12327527.12,201903
20230724, ENACE EN LIQUIDACION ,1037442.89,0,1037442.89,201903
20230724, AEROPERU ,3585,0,3585,201903
20230724, FONDO NACIONAL DE SALUD Y BIENESTAR SOCIAL ,159700.7,0,159700.7,201903
20230724, UNIDADES ADMINISTRATIVAS DE ENLACE TEMPORAL ,650550.05,0,650550.05,201903
20230724, BANCO MINERO DEL PERU EN LIQUIDACION ,5339,0,5339,201903
20230724, BANCO AGRARIO DEL PERU EN LIQUIDACION ,2659,0,2659,201903
20230724, CORPORACION NACIONAL DE DESARROLLO ,10358,0,10358,201903
20230724, CENTROMIN ,516935.07,167463.38,684398.45,201903
20230724, ELECTRONOROESTE ,2726,0,2726,201903
20230724, CEMENTOS YURA ,5107,0,5107,201903
20230724," FONDO COMPLM. De JUBLCN.MINERA, METLRG y SIDRG ",0,0,0,201903
20230724, FONDO PESQUERO LEY Nª 30003 ,0,10178634.7,10178634.7,201903
20230724, PETROPERÙ ,12003680.07,0,12003680.07,201903
20230724, BANCO DE LA NACIÒN  DS 051-88-PCM ,0,1042.12,1042.12,201903
20230724,ELECTROLIMA,5727168.92,0,5727168.92,201906
20230724, EMSAL ,0,616288.33,616288.33,201906
20230724, ENATA S.A. ,0,351768.62,351768.62,201906
20230724, ENTEL ,0,4852768.66,4852768.66,201906
20230724, FODASA ,636517.82,0,636517.82,201906
20230724, INST NAC. ADM. PUBLICA - INAP ,910894.98,0,910894.98,201906
20230724, S.N.P. DL 19990 ,359122807.6,1861140749,2220263556,201906
20230724, SOC. PARAMONGA LTDA. S.A. ,0,21362,21362,201906
20230724, D.L. 18846 ,11521350.23,78443311,89964661.23,201906
20230724, ENAPU ,21739768.84,3988206.1,25727974.94,201906
20230724, ENCI ,5972,0,5972,201906
20230724, INDUSTRIAL CACHIMAYO S.A. ,0,55967,55967,201906
20230724, R.T.P. ,269916.82,0,269916.82,201906
20230724, ENAFER ,119975,0,119975,201906
20230724, SERV. DE NAC.  DE INTELIGENCIA - SIN ,373178.14,0,373178.14,201906
20230724, PESCA PERU S.A. ,0,79787.14,79787.14,201906
20230724, LUSA ,0,9644,9644,201906
20230724, INSTITUTO NAC.de PLANIFICACION-INP ,1202652.92,0,1202652.92,201906
20230724, CIA PERUANA de VAPORES-CPV ,3944618.12,0,3944618.12,201906
20230724, CAJA de AHORROS DE LIMA-CAL ,1781187.44,0,1781187.44,201906
20230724, Serv.Nacnl.de Abstcmnt Agua Potable y Alcntrlld-SENAPA ,115880,0,115880,201906
20230724, COBERTURA SUPLETORIA SCTR-LEY 26790 ,26121370.3,0,26121370.3,201906
20230724, ENACE EN LIQUIDACION ,1954537.35,0,1954537.35,201906
20230724, AEROPERU ,6464,0,6464,201906
20230724, FONDO NACIONAL DE SALUD Y BIENESTAR SOCIAL ,297453.91,0,297453.91,201906
20230724, UNIDADES ADMINISTRATIVAS DE ENLACE TEMPORAL ,1413560.48,0,1413560.48,201906
20230724, BANCO MINERO DEL PERU EN LIQUIDACION ,10265,0,10265,201906
20230724, BANCO AGRARIO DEL PERU EN LIQUIDACION ,4919,0,4919,201906
20230724, CORPORACION NACIONAL DE DESARROLLO ,20515,0,20515,201906
20230724, CENTROMIN ,1020855.62,334925.14,1355780.76,201906
20230724, ELECTRONOROESTE ,5253,0,5253,201906
20230724, CEMENTOS YURA ,9895,0,9895,201906
20230724," FONDO COMPLM. De JUBLCN.MINERA, METLRG y SIDRG ",0,0,0,201906
20230724, FONDO PESQUERO LEY Nª 30003 ,0,20343632.23,20343632.23,201906
20230724, PETROPERÙ ,22917640.03,0,22917640.03,201906
20230724, BANCO DE LA NACIÒN  DS 051-88-PCM ,0,1684.24,1684.24,201906
20230724,ELECTROLIMA,8172529.99,0,8172529.99,201909
20230724, EMSAL ,0,923373.87,923373.87,201909
20230724, ENATA S.A. ,0,528029.85,528029.85,201909
20230724, ENTEL ,0,7412316.13,7412316.13,201909
20230724, FODASA ,1047652.65,0,1047652.65,201909
20230724, INST NAC. ADM. PUBLICA - INAP ,1374084.29,0,1374084.29,201909
20230724, S.N.P. DL 19990 ,681779313.5,3086151673,3767930986,201909
20230724, SOC. PARAMONGA LTDA. S.A. ,0,35603,35603,201909
20230724, D.L. 18846 ,17238184.82,127478088.9,144716273.7,201909
20230724, ENAPU ,35052802.85,6325985.52,41378788.37,201909
20230724, ENCI ,9954,0,9954,201909
20230724, INDUSTRIAL CACHIMAYO S.A. ,28681,55967,84648,201909
20230724, R.T.P. ,407794.23,0,407794.23,201909
20230724, ENAFER ,192971,0,192971,201909
20230724, SERV. DE NAC.  DE INTELIGENCIA - SIN ,564771.21,0,564771.21,201909
20230724, PESCA PERU S.A. ,0,131778.27,131778.27,201909
20230724, LUSA ,0,14467,14467,201909
20230724, INSTITUTO NAC.de PLANIFICACION-INP ,1819667.84,0,1819667.84,201909
20230724, CIA PERUANA de VAPORES-CPV ,5891883.8,0,5891883.8,201909
20230724, CAJA de AHORROS DE LIMA-CAL ,2731187.12,0,2731187.12,201909
20230724, Serv.Nacnl.de Abstcmnt Agua Potable y Alcntrlld-SENAPA ,173822,0,173822,201909
20230724, COBERTURA SUPLETORIA SCTR-LEY 26790 ,37846494.52,0,37846494.52,201909
20230724, ENACE EN LIQUIDACION ,3160387.34,0,3160387.34,201909
20230724, AEROPERU ,9439,0,9439,201909
20230724, FONDO NACIONAL DE SALUD Y BIENESTAR SOCIAL ,445509.75,0,445509.75,201909
20230724, UNIDADES ADMINISTRATIVAS DE ENLACE TEMPORAL ,2023721.99,0,2023721.99,201909
20230724, BANCO MINERO DEL PERU EN LIQUIDACION ,15491,0,15491,201909
20230724, BANCO AGRARIO DEL PERU EN LIQUIDACION ,7478,0,7478,201909
20230724, CORPORACION NACIONAL DE DESARROLLO ,30822,0,30822,201909
20230724, CENTROMIN ,1669089.17,558209.53,2227298.7,201909
20230724, ELECTRONOROESTE ,7930,0,7930,201909
20230724, CEMENTOS YURA ,16742,0,16742,201909
20230724," FONDO COMPLM. De JUBLCN.MINERA, METLRG y SIDRG ",0,109124439.5,109124439.5,201909
20230724, FONDO PESQUERO LEY Nª 30003 ,0,33614753.27,33614753.27,201909
20230724, PETROPERÙ ,37203959.21,0,37203959.21,201909
20230724, BANCO DE LA NACIÒN  DS 051-88-PCM ,0,2626.36,2626.36,201909
20230724,ELECTROLIMA,10940085.01,0,10940085.01,201912
20230724, EMSAL ,0,1255750.68,1255750.68,201912
20230724, ENATA S.A. ,0,692950.92,692950.92,201912
20230724, ENTEL ,0,9857127.93,9857127.93,201912
20230724, FODASA ,1443808.54,0,1443808.54,201912
20230724, INST NAC. ADM. PUBLICA - INAP ,1824666.6,0,1824666.6,201912
20230724, S.N.P. DL 19990 ,851309687.1,4430563984,5281873671,201912
20230724, SOC. PARAMONGA LTDA. S.A. ,0,49844,49844,201912
20230724, D.L. 18846 ,22939597.11,179908593.2,202848190.3,201912
20230724, ENAPU ,48267628.99,8731241.35,56998870.34,201912
20230724, ENCI ,13936,0,13936,201912
20230724, INDUSTRIAL CACHIMAYO S.A. ,57364,55967,113331,201912
20230724, R.T.P. ,546867.64,0,546867.64,201912
20230724, ENAFER ,262733,0,262733,201912
20230724, SERV. DE NAC.  DE INTELIGENCIA - SIN ,756359.28,0,756359.28,201912
20230724, PESCA PERU S.A. ,0,179573.65,179573.65,201912
20230724, LUSA ,0,19289,19289,201912
20230724, INSTITUTO NAC.de PLANIFICACION-INP ,2415960.03,0,2415960.03,201912
20230724, CIA PERUANA de VAPORES-CPV ,7766440.21,0,7766440.21,201912
20230724, CAJA de AHORROS DE LIMA-CAL ,3735714.42,0,3735714.42,201912
20230724, Serv.Nacnl.de Abstcmnt Agua Potable y Alcntrlld-SENAPA ,230067,0,230067,201912
20230724, COBERTURA SUPLETORIA SCTR-LEY 26790 ,51050068.3,0,51050068.3,201912
20230724, ENACE EN LIQUIDACION ,4506928.57,0,4506928.57,201912
20230724, AEROPERU ,12468,0,12468,201912
20230724, FONDO NACIONAL DE SALUD Y BIENESTAR SOCIAL ,592715.41,0,592715.41,201912
20230724, UNIDADES ADMINISTRATIVAS DE ENLACE TEMPORAL ,2626158.3,0,2626158.3,201912
20230724, BANCO MINERO DEL PERU EN LIQUIDACION ,20717,0,20717,201912
20230724, BANCO AGRARIO DEL PERU EN LIQUIDACION ,10037,0,10037,201912
20230724, CORPORACION NACIONAL DE DESARROLLO ,41129,0,41129,201912
20230724, CENTROMIN ,2295770.17,781491.71,3077261.88,201912
20230724, ELECTRONOROESTE ,10607,0,10607,201912
20230724, CEMENTOS YURA ,24721,0,24721,201912
20230724," FONDO COMPLM. De JUBLCN.MINERA, METLRG y SIDRG ",0,109806806.1,109806806.1,201912
20230724, FONDO PESQUERO LEY Nª 30003 ,0,46766465.67,46766465.67,201912
20230724, PETROPERÙ ,51955661.11,0,51955661.11,201912
20230724, BANCO DE LA NACIÒN  DS 051-88-PCM ,0,3568.48,3568.48,201912
20230724,ELECTROLIMA,2487630.36,0,2487630.36,202003
20230724, EMSAL ,0,339819.39,339819.39,202003
20230724, ENATA S.A. ,0,193360.82,193360.82,202003
20230724, ENTEL ,0,2056492.17,2056492.17,202003
20230724, FODASA ,303622.27,0,303622.27,202003
20230724, INST NAC. ADM. PUBLICA - INAP ,477453.82,0,477453.82,202003
20230724, S.N.P. DL 19990 ,617385580.3,598521094.8,1215906675,202003
20230724, SOC. PARAMONGA LTDA. S.A. ,0,10923.88,10923.88,202003
20230724, D.L. 18846 ,5780010.12,45163834.73,50943844.85,202003
20230724, ENAPU ,10396782.05,1806723.17,12203505.22,202003
20230724, ENCI ,3075,0,3075,202003
20230724, INDUSTRIAL CACHIMAYO S.A. ,30014,0,30014,202003
20230724, R.T.P. ,140970,0,140970,202003
20230724, ENAFER ,53003,0,53003,202003
20230724, SERV. DE NAC.  DE INTELIGENCIA - SIN ,198147.07,0,198147.07,202003
20230724, PESCA PERU S.A. ,0,40474.66,40474.66,202003
20230724, LUSA ,0,4827.62,4827.62,202003
20230724, INSTITUTO NAC.de PLANIFICACION-INP ,631880.63,0,631880.63,202003
20230724, CIA PERUANA de VAPORES-CPV ,1851048.49,0,1851048.49,202003
20230724, CAJA de AHORROS DE LIMA-CAL ,957408.44,0,957408.44,202003
20230724, Serv.Nacnl.de Abstcmnt Agua Potable y Alcntrlld-SENAPA ,57284,0,57284,202003
20230724, COBERTURA SUPLETORIA SCTR-LEY 26790 ,21269465.81,0,21269465.81,202003
20230724, ENACE EN LIQUIDACION ,1014692.39,0,1014692.39,202003
20230724, AEROPERU ,3170,0,3170,202003
20230724, FONDO NACIONAL DE SALUD Y BIENESTAR SOCIAL ,149246.58,0,149246.58,202003
20230724, UNIDADES ADMINISTRATIVAS DE ENLACE TEMPORAL ,629830.53,0,629830.53,202003
20230724, BANCO MINERO DEL PERU EN LIQUIDACION ,5415,0,5415,202003
20230724, BANCO AGRARIO DEL PERU EN LIQUIDACION ,2750,0,2750,202003
20230724, CORPORACION NACIONAL DE DESARROLLO ,10448,0,10448,202003
20230724, CENTROMIN ,499640,178127.85,677767.85,202003
20230724, ELECTRONOROESTE ,2817,0,2817,202003
20230724, CEMENTOS YURA ,6473,0,6473,202003
20230724," FONDO COMPLM. De JUBLCN.MINERA, METLRG y SIDRG ",0,281385.22,281385.22,202003
20230724, FONDO PESQUERO LEY Nª 30003 ,0,10013787.77,10013787.77,202003
20230724, PETROPERÙ ,11072093.48,0,11072093.48,202003
20230724, BANCO DE LA NACIÒN  DS 051-88-PCM ,0,1042.12,1042.12,202003
20230724,ELECTROLIMA,5012709.88,0,5012709.88,202006
20230724, EMSAL ,0,629166.74,629166.74,202006
20230724, ENATA S.A. ,0,376204.57,376204.57,202006
20230724, ENTEL ,0,4113730.73,4113730.73,202006
20230724, FODASA ,589984.02,0,589984.02,202006
20230724, INST NAC. ADM. PUBLICA - INAP ,903541.39,0,903541.39,202006
20230724, S.N.P. DL 19990 ,1066304797,1303323057,2369627854,202006
20230724, SOC. PARAMONGA LTDA. S.A. ,0,21725,21725,202006
20230724, D.L. 18846 ,11216569.2,87418862.01,98635431.21,202006
20230724, ENAPU ,21151486.47,3435658.82,24587145.29,202006
20230724, ENCI ,6151,0,6151,202006
20230724, INDUSTRIAL CACHIMAYO S.A. ,55837,0,55837,202006
20230724, R.T.P. ,259715,0,259715,202006
20230724, ENAFER ,106006,0,106006,202006
20230724, SERV. DE NAC.  DE INTELIGENCIA - SIN ,374586.14,0,374586.14,202006
20230724, PESCA PERU S.A. ,0,76679,76679,202006
20230724, LUSA ,4102.84,5541.16,9644,202006
20230724, INSTITUTO NAC.de PLANIFICACION-INP ,1188730.99,0,1188730.99,202006
20230724, CIA PERUANA de VAPORES-CPV ,4018737.61,0,4018737.61,202006
20230724, CAJA de AHORROS DE LIMA-CAL ,1802679.41,0,1802679.41,202006
20230724, Serv.Nacnl.de Abstcmnt Agua Potable y Alcntrlld-SENAPA ,108612,0,108612,202006
20230724, COBERTURA SUPLETORIA SCTR-LEY 26790 ,31604947.66,0,31604947.66,202006
20230724, ENACE EN LIQUIDACION ,1907673.89,0,1907673.89,202006
20230724, AEROPERU ,6142,0,6142,202006
20230724, FONDO NACIONAL DE SALUD Y BIENESTAR SOCIAL ,286740.16,0,286740.16,202006
20230724, UNIDADES ADMINISTRATIVAS DE ENLACE TEMPORAL ,1177488.56,0,1177488.56,202006
20230724, BANCO MINERO DEL PERU EN LIQUIDACION ,10430,0,10430,202006
20230724, BANCO AGRARIO DEL PERU EN LIQUIDACION ,5098,0,5098,202006
20230724, CORPORACION NACIONAL DE DESARROLLO ,20698,0,20698,202006
20230724, CENTROMIN ,949700,1219354.17,2169054.17,202006
20230724, ELECTRONOROESTE ,5433,0,5433,202006
20230724, CEMENTOS YURA ,12547,0,12547,202006
20230724," FONDO COMPLM. De JUBLCN.MINERA, METLRG y SIDRG ",0,386943.21,386943.21,202006
20230724, FONDO PESQUERO LEY Nª 30003 ,0,19691618.81,19691618.81,202006
20230724, PETROPERÙ ,22296037.27,0,22296037.27,202006
20230724, BANCO DE LA NACIÒN  DS 051-88-PCM ,0,1684.24,1684.24,202006
20230724,ELECTROLIMA,7253427.52,0,7253427.52,202009
20230724, EMSAL ,0,946610.53,946610.53,202009
20230724, ENATA S.A. ,0,540631.11,540631.11,202009
20230724, ENTEL ,0,6623897.45,6623897.45,202009
20230724, FODASA ,998437.67,0,998437.67,202009
20230724, INST NAC. ADM. PUBLICA - INAP ,1353627.33,0,1353627.33,202009
20230724, S.N.P. DL 19990 ,1066254948,2779887500,3846142448,202009
20230724, SOC. PARAMONGA LTDA. S.A. ,0,36207,36207,202009
20230724, D.L. 18846 ,16793146.22,135061152.3,151854298.5,202009
20230724, ENAPU ,33520666.11,5429763.15,38950429.26,202009
20230724, ENCI ,10252,0,10252,202009
20230724, INDUSTRIAL CACHIMAYO S.A. ,80682,0,80682,202009
20230724, R.T.P. ,388931,0,388931,202009
20230724, ENAFER ,170186,0,170186,202009
20230724, SERV. DE NAC.  DE INTELIGENCIA - SIN ,556252.21,0,556252.21,202009
20230724, PESCA PERU S.A. ,0,124954,124954,202009
20230724, LUSA ,8924.84,5541.16,14466,202009
20230724, INSTITUTO NAC.de PLANIFICACION-INP ,1793556.35,0,1793556.35,202009
20230724, CIA PERUANA de VAPORES-CPV ,6664825.02,0,6664825.02,202009
20230724, CAJA de AHORROS DE LIMA-CAL ,2691737.38,0,2691737.38,202009
20230724, Serv.Nacnl.de Abstcmnt Agua Potable y Alcntrlld-SENAPA ,160826,0,160826,202009
20230724, COBERTURA SUPLETORIA SCTR-LEY 26790 ,48188617,0,48188617,202009
20230724, ENACE EN LIQUIDACION ,3047993.81,0,3047993.81,202009
20230724, AEROPERU ,9263,0,9263,202009
20230724, FONDO NACIONAL DE SALUD Y BIENESTAR SOCIAL ,425571.74,0,425571.74,202009
20230724, UNIDADES ADMINISTRATIVAS DE ENLACE TEMPORAL ,1759723.59,0,1759723.59,202009
20230724, BANCO MINERO DEL PERU EN LIQUIDACION ,15745,0,15745,202009
20230724, BANCO AGRARIO DEL PERU EN LIQUIDACION ,7747,0,7747,202009
20230724, CORPORACION NACIONAL DE DESARROLLO ,31097,0,31097,202009
20230724, CENTROMIN ,1513188,1417314.35,2930502.35,202009
20230724, ELECTRONOROESTE ,8199,0,8199,202009
20230724, CEMENTOS YURA ,20644,0,20644,202009
20230724," FONDO COMPLM. De JUBLCN.MINERA, METLRG y SIDRG ",0,132051115.2,132051115.2,202009
20230724, FONDO PESQUERO LEY Nª 30003 ,0,32434847.56,32434847.56,202009
20230724, PETROPERÙ ,35166244.23,0,35166244.23,202009
20230724, BANCO DE LA NACIÒN  DS 051-88-PCM ,0,2626.36,2626.36,202009
20230724,ELECTROLIMA,15342110.23,0,15342110.23,202012
20230724, EMSAL ,0,1245020.32,1245020.32,202012
20230724, ENATA S.A. ,0,658801.38,658801.38,202012
20230724, ENTEL ,0,8958038.15,8958038.15,202012
20230724, FODASA ,1354859.22,0,1354859.22,202012
20230724, INST NAC. ADM. PUBLICA - INAP ,1821813.99,0,1821813.99,202012
20230724, S.N.P. DL 19990 ,1602215368,4267494111,5869709479,202012
20230724, SOC. PARAMONGA LTDA. S.A. ,0,50691,50691,202012
20230724, D.L. 18846 ,22360823.64,176879864.7,199240688.4,202012
20230724, ENAPU ,46006323.25,7581207.54,53587530.79,202012
20230724, ENCI ,14353,0,14353,202012
20230724, INDUSTRIAL CACHIMAYO S.A. ,105526,0,105526,202012
20230724, R.T.P. ,509882,0,509882,202012
20230724, ENAFER ,230628,0,230628,202012
20230724, SERV. DE NAC.  DE INTELIGENCIA - SIN ,740800.28,0,740800.28,202012
20230724, PESCA PERU S.A. ,0,173232,173232,202012
20230724, LUSA ,13747.84,5541.16,19289,202012
20230724, INSTITUTO NAC.de PLANIFICACION-INP ,2414786.71,0,2414786.71,202012
20230724, CIA PERUANA de VAPORES-CPV ,8420994.32,0,8420994.32,202012
20230724, CAJA de AHORROS DE LIMA-CAL ,3587736.29,0,3587736.29,202012
20230724, Serv.Nacnl.de Abstcmnt Agua Potable y Alcntrlld-SENAPA ,213328,0,213328,202012
20230724, COBERTURA SUPLETORIA SCTR-LEY 26790 ,71236704.31,0,71236704.31,202012
20230724, ENACE EN LIQUIDACION ,4215525.06,0,4215525.06,202012
20230724, AEROPERU ,12384,0,12384,202012
20230724, FONDO NACIONAL DE SALUD Y BIENESTAR SOCIAL ,558136.32,0,558136.32,202012
20230724, UNIDADES ADMINISTRATIVAS DE ENLACE TEMPORAL ,2338980.62,0,2338980.62,202012
20230724, BANCO MINERO DEL PERU EN LIQUIDACION ,21060,0,21060,202012
20230724, BANCO AGRARIO DEL PERU EN LIQUIDACION ,10395,0,10395,202012
20230724, CORPORACION NACIONAL DE DESARROLLO ,41497,0,41497,202012
20230724, CENTROMIN ,2070923,1620597.53,3691520.53,202012
20230724, ELECTRONOROESTE ,10966,0,10966,202012
20230724, CEMENTOS YURA ,28742,0,28742,202012
20230724," FONDO COMPLM. De JUBLCN.MINERA, METLRG y SIDRG ",0,132428615.2,132428615.2,202012
20230724, FONDO PESQUERO LEY Nª 30003 ,0,45152494.37,45152494.37,202012
20230724, PETROPERÙ ,49444462.36,0,49444462.36,202012
20230724, BANCO DE LA NACIÒN  DS 051-88-PCM ,0,3568.48,3568.48,202012
20230724,ELECTROLIMA,6270637.02,0,6270637.02,202103
20230724, EMSAL ,0,315338.66,315338.66,202103
20230724, ENATA S.A. ,0,143779.5,143779.5,202103
20230724, ENTEL ,0,2183472.5,2183472.5,202103
20230724, FODASA ,292911.09,0,292911.09,202103
20230724, INST NAC. ADM. PUBLICA - INAP ,479859.9,0,479859.9,202103
20230724, S.N.P. DL 19990 ,0,1162564374,1162564374,202103
20230724, SOC. PARAMONGA LTDA. S.A. ,0,11044.89,11044.89,202103
20230724, D.L. 18846 ,5581523.27,40050740.07,45632263.34,202103
20230724, ENAPU ,9541720.72,1634472.91,11176193.63,202103
20230724, ENCI ,3165.44,0,3165.44,202103
20230724, INDUSTRIAL CACHIMAYO S.A. ,22992.52,0,22992.52,202103
20230724, R.T.P. ,133008.43,0,133008.43,202103
20230724, ENAFER ,44658.6,0,44658.6,202103
20230724, SERV. DE NAC.  DE INTELIGENCIA - SIN ,243360.38,0,243360.38,202103
20230724, PESCA PERU S.A. ,0,38259.82,38259.82,202103
20230724, LUSA ,4825.56,0,4825.56,202103
20230724, INSTITUTO NAC.de PLANIFICACION-INP ,642622.14,0,642622.14,202103
20230724, CIA PERUANA de VAPORES-CPV ,1804003.8,0,1804003.8,202103
20230724, CAJA de AHORROS DE LIMA-CAL ,928303.32,0,928303.32,202103
20230724, Serv.Nacnl.de Abstcmnt Agua Potable y Alcntrlld-SENAPA ,54548.99,0,54548.99,202103
20230724, COBERTURA SUPLETORIA SCTR-LEY 26790 ,11681078.6,0,11681078.6,202103
20230724, ENACE EN LIQUIDACION ,883027.3,0,883027.3,202103
20230724, AEROPERU ,3261.14,0,3261.14,202103
20230724, FONDO NACIONAL DE SALUD Y BIENESTAR SOCIAL ,136022.78,0,136022.78,202103
20230724, UNIDADES ADMINISTRATIVAS DE ENLACE TEMPORAL ,595429.03,0,595429.03,202103
20230724, BANCO MINERO DEL PERU EN LIQUIDACION ,5505.08,0,5505.08,202103
20230724, BANCO AGRARIO DEL PERU EN LIQUIDACION ,2840.79,0,2840.79,202103
20230724, CORPORACION NACIONAL DE DESARROLLO ,10538.46,0,10538.46,202103
20230724, CENTROMIN ,411099,154580.1,565679.1,202103
20230724, ELECTRONOROESTE ,2905.04,0,2905.04,202103
20230724, CEMENTOS YURA ,6563.78,0,6563.78,202103
20230724," FONDO COMPLM. De JUBLCN.MINERA, METLRG y SIDRG ",0,174400.55,174400.55,202103
20230724, FONDO PESQUERO LEY Nª 30003 ,0,9845094.32,9845094.32,202103
20230724, PETROPERÙ ,10255813.05,0,10255813.05,202103
20230724, BANCO DE LA NACIÒN  DS 051-88-PCM ,0,1042.12,1042.12,202103
20230724,MINEDU,0,0,0,202103
20230724,SOCIEDAD de BENEFICENCIAS,0,0,0,202103
20230724,ELECTROLIMA,9998409.49,0,9998409.49,202106
20230724, EMSAL ,0,583758.58,583758.58,202106
20230724, ENATA S.A. ,0,250826.94,250826.94,202106
20230724, ENTEL ,0,4205771.93,4205771.93,202106
20230724, FODASA ,542462.1,0,542462.1,202106
20230724, INST NAC. ADM. PUBLICA - INAP ,898718.09,0,898718.09,202106
20230724, S.N.P. DL 19990 ,0,2310615112,2310615112,202106
20230724, SOC. PARAMONGA LTDA. S.A. ,0,22083,22083,202106
20230724, D.L. 18846 ,11193849.64,78293113.48,89486963.12,202106
20230724, ENAPU ,18490064.43,3122483.49,21612547.92,202106
20230724, ENCI ,6330,0,6330,202106
20230724, INDUSTRIAL CACHIMAYO S.A. ,46348,0,46348,202106
20230724, R.T.P. ,247181,0,247181,202106
20230724, ENAFER ,85563,0,85563,202106
20230724, SERV. DE NAC.  DE INTELIGENCIA - SIN ,365184.14,0,365184.14,202106
20230724, PESCA PERU S.A. ,0,74915,74915,202106
20230724, LUSA ,8327,0,8327,202106
20230724, INSTITUTO NAC.de PLANIFICACION-INP ,1204518.01,0,1204518.01,202106
20230724, CIA PERUANA de VAPORES-CPV ,3393331.56,0,3393331.56,202106
20230724, CAJA de AHORROS DE LIMA-CAL ,1737683.75,0,1737683.75,202106
20230724, Serv.Nacnl.de Abstcmnt Agua Potable y Alcntrlld-SENAPA ,95577,0,95577,202106
20230724, COBERTURA SUPLETORIA SCTR-LEY 26790 ,26486579.45,0,26486579.45,202106
20230724, ENACE EN LIQUIDACION ,1712891.38,0,1712891.38,202106
20230724, AEROPERU ,6321,0,6321,202106
20230724, FONDO NACIONAL DE SALUD Y BIENESTAR SOCIAL ,252368.96,0,252368.96,202106
20230724, UNIDADES ADMINISTRATIVAS DE ENLACE TEMPORAL ,1117421.93,0,1117421.93,202106
20230724, BANCO MINERO DEL PERU EN LIQUIDACION ,10609,0,10609,202106
20230724, BANCO AGRARIO DEL PERU EN LIQUIDACION ,5281,0,5281,202106
20230724, CORPORACION NACIONAL DE DESARROLLO ,20877,0,20877,202106
20230724, CENTROMIN ,810634,308261,1118895,202106
20230724, ELECTRONOROESTE ,5611,0,5611,202106
20230724, CEMENTOS YURA ,12726,0,12726,202106
20230724," FONDO COMPLM. De JUBLCN.MINERA, METLRG y SIDRG ",0,400631.42,400631.42,202106
20230724, FONDO PESQUERO LEY Nª 30003 ,0,19097826.45,19097826.45,202106
20230724, PETROPERÙ ,20024929.65,0,20024929.65,202106
20230724, BANCO DE LA NACIÒN  DS 051-88-PCM ,0,1684.24,1684.24,202106
20230724,MINEDU,5018421.4,0,5018421.4,202106
20230724,SOCIEDAD de BENEFICENCIAS,3324943.02,0,3324943.02,202106
20230724,ELECTROLIMA,16644269.4,0,16644269.4,202109
20230724, EMSAL ,0,1017306.37,1017306.37,202109
20230724, ENATA S.A. ,0,360740.41,360740.41,202109
20230724, ENTEL ,0,7226222.78,7226222.78,202109
20230724, FODASA ,869916.73,0,869916.73,202109
20230724, INST NAC. ADM. PUBLICA - INAP ,1353957.99,0,1353957.99,202109
20230724, S.N.P. DL 19990 ,0,3955650124,3955650124,202109
20230724, SOC. PARAMONGA LTDA. S.A. ,0,36804,36804,202109
20230724, D.L. 18846 ,16767668.53,122779654.7,139547323.2,202109
20230724, ENAPU ,31769190.76,5159164.55,36928355.31,202109
20230724, ENCI ,10551,0,10551,202109
20230724, INDUSTRIAL CACHIMAYO S.A. ,69924,0,69924,202109
20230724, R.T.P. ,370459,0,370459,202109
20230724, ENAFER ,136708,0,136708,202109
20230724, SERV. DE NAC.  DE INTELIGENCIA - SIN ,543735.21,0,543735.21,202109
20230724, PESCA PERU S.A. ,0,119520,119520,202109
20230724, LUSA ,11127,0,11127,202109
20230724, INSTITUTO NAC.de PLANIFICACION-INP ,1804722.03,0,1804722.03,202109
20230724, CIA PERUANA de VAPORES-CPV ,5079533.42,0,5079533.42,202109
20230724, CAJA de AHORROS DE LIMA-CAL ,2686497.65,0,2686497.65,202109
20230724, Serv.Nacnl.de Abstcmnt Agua Potable y Alcntrlld-SENAPA ,138849,0,138849,202109
20230724, COBERTURA SUPLETORIA SCTR-LEY 26790 ,43321341.59,0,43321341.59,202109
20230724, ENACE EN LIQUIDACION ,2829223.7,0,2829223.7,202109
20230724, AEROPERU ,9532,0,9532,202109
20230724, FONDO NACIONAL DE SALUD Y BIENESTAR SOCIAL ,380651.89,0,380651.89,202109
20230724, UNIDADES ADMINISTRATIVAS DE ENLACE TEMPORAL ,1673729.13,0,1673729.13,202109
20230724, BANCO MINERO DEL PERU EN LIQUIDACION ,16014,0,16014,202109
20230724, BANCO AGRARIO DEL PERU EN LIQUIDACION ,8022,0,8022,202109
20230724, CORPORACION NACIONAL DE DESARROLLO ,31366,0,31366,202109
20230724, CENTROMIN ,1313198,513774,1826972,202109
20230724, ELECTRONOROESTE ,8467,0,8467,202109
20230724, CEMENTOS YURA ,20943,0,20943,202109
20230724," FONDO COMPLM. De JUBLCN.MINERA, METLRG y SIDRG ",0,114532841.4,114532841.4,202109
20230724, FONDO PESQUERO LEY Nª 30003 ,0,31330752.63,31330752.63,202109
20230724, PETROPERÙ ,32538660.94,0,32538660.94,202109
20230724, BANCO DE LA NACIÒN  DS 051-88-PCM ,0,2626.36,2626.36,202109
20230724,MINEDU,22551479.48,0,22551479.48,202109
20230724,SOCIEDAD de BENEFICENCIAS,6864567.73,0,6864567.73,202109
20230724,ELECTROLIMA,22233481.52,0,22233481.52,202112
20230724, EMSAL ,0,1312517.16,1312517.16,202112
20230724, ENATA S.A. ,0,484246.59,484246.59,202112
20230724, ENTEL ,0,9512062.9,9512062.9,202112
20230724, FODASA ,1190405.23,0,1190405.23,202112
20230724, INST NAC. ADM. PUBLICA - INAP ,1805636.15,0,1805636.15,202112
20230724, S.N.P. DL 19990 ,114715683.7,5459983552,5574699235,202112
20230724, SOC. PARAMONGA LTDA. S.A. ,0,46474,46474,202112
20230724, D.L. 18846 ,22263544.51,166340465.4,188604009.9,202112
20230724, ENAPU ,43005674.91,7131729.29,50137404.2,202112
20230724, ENCI ,14771,0,14771,202112
20230724, INDUSTRIAL CACHIMAYO S.A. ,93502,0,93502,202112
20230724, R.T.P. ,495535,0,495535,202112
20230724, ENAFER ,185075,0,185075,202112
20230724, SERV. DE NAC.  DE INTELIGENCIA - SIN ,723889.61,0,723889.61,202112
20230724, PESCA PERU S.A. ,0,168054,168054,202112
20230724, LUSA ,13927,0,13927,202112
20230724, INSTITUTO NAC.de PLANIFICACION-INP ,2405374.73,0,2405374.73,202112
20230724, CIA PERUANA de VAPORES-CPV ,6782219.24,0,6782219.24,202112
20230724, CAJA de AHORROS DE LIMA-CAL ,3560519.06,0,3560519.06,202112
20230724, Serv.Nacnl.de Abstcmnt Agua Potable y Alcntrlld-SENAPA ,179208,0,179208,202112
20230724, COBERTURA SUPLETORIA SCTR-LEY 26790 ,60832230.48,0,60832230.48,202112
20230724, ENACE EN LIQUIDACION ,3904168.83,0,3904168.83,202112
20230724, AEROPERU ,12742,0,12742,202112
20230724, FONDO NACIONAL DE SALUD Y BIENESTAR SOCIAL ,543248.82,0,543248.82,202112
20230724, UNIDADES ADMINISTRATIVAS DE ENLACE TEMPORAL ,2214133.33,0,2214133.33,202112
20230724, BANCO MINERO DEL PERU EN LIQUIDACION ,21419,0,21419,202112
20230724, BANCO AGRARIO DEL PERU EN LIQUIDACION ,10763,0,10763,202112
20230724, CORPORACION NACIONAL DE DESARROLLO ,41855,0,41855,202112
20230724, CENTROMIN ,1796791,719286.32,2516077.32,202112
20230724, ELECTRONOROESTE ,11323,0,11323,202112
20230724, CEMENTOS YURA ,29160,0,29160,202112
20230724," FONDO COMPLM. De JUBLCN.MINERA, METLRG y SIDRG ",0,115428458.6,115428458.6,202112
20230724, FONDO PESQUERO LEY Nª 30003 ,1106700,43522467.45,44629167.45,202112
20230724, PETROPERÙ ,44873257.23,0,44873257.23,202112
20230724, BANCO DE LA NACIÒN  DS 051-88-PCM ,0,3568.48,3568.48,202112
20230724,MINEDU,72120772.43,0,72120772.43,202112
20230724,SOCIEDAD de BENEFICENCIAS,10385332.65,0,10385332.65,202112
20230724,ELECTROLIMA,3986220.76,0,3986220.76,202203
20230724, EMSAL ,0,292005,292005,202203
20230724, ENATA S.A. ,0,115124.92,115124.92,202203
20230724, ENTEL ,0,2108729.55,2108729.55,202203
20230724, FODASA ,235855,0,235855,202203
20230724, INST NAC. ADM. PUBLICA - INAP ,468164.51,0,468164.51,202203
20230724, S.N.P. DL 19990 ,398877487.6,786107652.1,1184985140,202203
20230724, SOC. PARAMONGA LTDA. S.A. ,0,7311,7311,202203
20230724, D.L. 18846 ,5463325.64,37627988.45,43091314.09,202203
20230724, ENAPU ,9309927.69,1492146.75,10802074.44,202203
20230724, ENCI ,3165,0,3165,202203
20230724, INDUSTRIAL CACHIMAYO S.A. ,24486,0,24486,202203
20230724, R.T.P. ,123026,0,123026,202203
20230724, ENAFER ,33474,0,33474,202203
20230724, SERV. DE NAC.  DE INTELIGENCIA - SIN ,181705.4,0,181705.4,202203
20230724, PESCA PERU S.A. ,0,35155,35155,202203
20230724, LUSA ,2799,0,2799,202203
20230724, INSTITUTO NAC.de PLANIFICACION-INP ,620311.98,0,620311.98,202203
20230724, CIA PERUANA de VAPORES-CPV ,1731677.51,0,1731677.51,202203
20230724, CAJA de AHORROS DE LIMA-CAL ,889837.89,0,889837.89,202203
20230724, Serv.Nacnl.de Abstcmnt Agua Potable y Alcntrlld-SENAPA ,41689,0,41689,202203
20230724, COBERTURA SUPLETORIA SCTR-LEY 26790 ,20513897.16,0,20513897.16,202203
20230724, ENACE EN LIQUIDACION ,896840.86,0,896840.86,202203
20230724, AEROPERU ,3321,0,3321,202203
20230724, FONDO NACIONAL DE SALUD Y BIENESTAR SOCIAL ,130808.21,0,130808.21,202203
20230724, UNIDADES ADMINISTRATIVAS DE ENLACE TEMPORAL ,560864.02,0,560864.02,202203
20230724, BANCO MINERO DEL PERU EN LIQUIDACION ,5564,0,5564,202203
20230724, BANCO AGRARIO DEL PERU EN LIQUIDACION ,2901,0,2901,202203
20230724, CORPORACION NACIONAL DE DESARROLLO ,10598,0,10598,202203
20230724, CENTROMIN ,394696.21,155251,549947.21,202203
20230724, ELECTRONOROESTE ,2965,0,2965,202203
20230724, CEMENTOS YURA ,6624,0,6624,202203
20230724," FONDO COMPLM. De JUBLCN.MINERA, METLRG y SIDRG ",0,139282.04,139282.04,202203
20230724, FONDO PESQUERO LEY Nª 30003 ,0,9683667.92,9683667.92,202203
20230724, PETROPERÙ ,9563320.22,0,9563320.22,202203
20230724, BANCO DE LA NACIÒN  DS 051-88-PCM ,0,1042.12,1042.12,202203
20230724,MINEDU,104811372,0,104811372,202203
20230724,SOCIEDAD de BENEFICENCIAS,3653867.62,0,3653867.62,202203
20230724,ELECTROLIMA,7276275.05,0,7276275.05,202206
20230724, EMSAL ,0,552521,552521,202206
20230724, ENATA S.A. ,0,219026.92,219026.92,202206
20230724, ENTEL ,0,5109197.01,5109197.01,202206
20230724, FODASA ,464905.85,0,464905.85,202206
20230724, INST NAC. ADM. PUBLICA - INAP ,897563.69,0,897563.69,202206
20230724, S.N.P. DL 19990 ,638389455.5,1766146667,2404536123,202206
20230724, SOC. PARAMONGA LTDA. S.A. ,0,14845,14845,202206
20230724, D.L. 18846 ,10935708.45,72820716.51,83756424.96,202206
20230724, ENAPU ,18083637.95,3205697.83,21289335.78,202206
20230724, ENCI ,6330,0,6330,202206
20230724, INDUSTRIAL CACHIMAYO S.A. ,46956,0,46956,202206
20230724, R.T.P. ,230319,0,230319,202206
20230724, ENAFER ,67186,0,67186,202206
20230724, SERV. DE NAC.  DE INTELIGENCIA - SIN ,346043.8,0,346043.8,202206
20230724, PESCA PERU S.A. ,0,69059,69059,202206
20230724, LUSA ,5599,0,5599,202206
20230724, INSTITUTO NAC.de PLANIFICACION-INP ,1271275.32,0,1271275.32,202206
20230724, CIA PERUANA de VAPORES-CPV ,8138153.99,0,8138153.99,202206
20230724, CAJA de AHORROS DE LIMA-CAL ,1699585.13,0,1699585.13,202206
20230724, Serv.Nacnl.de Abstcmnt Agua Potable y Alcntrlld-SENAPA ,82375.07,0,82375.07,202206
20230724, COBERTURA SUPLETORIA SCTR-LEY 26790 ,38302945.64,0,38302945.64,202206
20230724, ENACE EN LIQUIDACION ,1710744.01,0,1710744.01,202206
20230724, AEROPERU ,6471,0,6471,202206
20230724, FONDO NACIONAL DE SALUD Y BIENESTAR SOCIAL ,246620.06,0,246620.06,202206
20230724, UNIDADES ADMINISTRATIVAS DE ENLACE TEMPORAL ,1076635.98,0,1076635.98,202206
20230724, BANCO MINERO DEL PERU EN LIQUIDACION ,10758,0,10758,202206
20230724, BANCO AGRARIO DEL PERU EN LIQUIDACION ,5431,0,5431,202206
20230724, CORPORACION NACIONAL DE DESARROLLO ,21026,0,21026,202206
20230724, CENTROMIN ,758597.21,302989,1061586.21,202206
20230724, ELECTRONOROESTE ,5760,0,5760,202206
20230724, CEMENTOS YURA ,12876,0,12876,202206
20230724," FONDO COMPLM. De JUBLCN.MINERA, METLRG y SIDRG ",0,1010605.88,1010605.88,202206
20230724, FONDO PESQUERO LEY Nª 30003 ,0,18923951.43,18923951.43,202206
20230724, PETROPERÙ ,18840354.25,0,18840354.25,202206
20230724, BANCO DE LA NACIÒN  DS 051-88-PCM ,0,1684.24,1684.24,202206
20230724,MINEDU,199647398,0,199647398,202206
20230724,SOCIEDAD de BENEFICENCIAS,6985685.1,0,6985685.1,202206
20230724,ELECTROLIMA,11941523.88,0,11941523.88,202209
20230724, EMSAL ,0,835758,835758,202209
20230724, ENATA S.A. ,0,325953.92,325953.92,202209
20230724, ENTEL ,0,7990111.51,7990111.51,202209
20230724, FODASA ,762540.69,0,762540.69,202209
20230724, INST NAC. ADM. PUBLICA - INAP ,1357108.96,0,1357108.96,202209
20230724, S.N.P. DL 19990 ,947621538.5,3041206728,3988828266,202209
20230724, SOC. PARAMONGA LTDA. S.A. ,0,24739,24739,202209
20230724, D.L. 18846 ,16336545,117407060,133743605,202209
20230724, ENAPU ,29179244.49,5144804.26,34324048.75,202209
20230724, ENCI ,10551,0,10551,202209
20230724, INDUSTRIAL CACHIMAYO S.A. ,71075,0,71075,202209
20230724, R.T.P. ,369036,0,369036,202209
20230724, ENAFER ,111261,0,111261,202209
20230724, SERV. DE NAC.  DE INTELIGENCIA - SIN ,524927.2,0,524927.2,202209
20230724, PESCA PERU S.A. ,0,106077,106077,202209
20230724, LUSA ,8398,0,8398,202209
20230724, INSTITUTO NAC.de PLANIFICACION-INP ,1876596.29,0,1876596.29,202209
20230724, CIA PERUANA de VAPORES-CPV ,9811513.07,0,9811513.07,202209
20230724, CAJA de AHORROS DE LIMA-CAL ,2595583.39,0,2595583.39,202209
20230724, Serv.Nacnl.de Abstcmnt Agua Potable y Alcntrlld-SENAPA ,123456.07,0,123456.07,202209
20230724, COBERTURA SUPLETORIA SCTR-LEY 26790 ,56860033.6,0,56860033.6,202209
20230724, ENACE EN LIQUIDACION ,2768859.05,0,2768859.05,202209
20230724, AEROPERU ,9771,0,9771,202209
20230724, FONDO NACIONAL DE SALUD Y BIENESTAR SOCIAL ,366015.91,0,366015.91,202209
20230724, UNIDADES ADMINISTRATIVAS DE ENLACE TEMPORAL ,1592960.906,0,1592960.906,202209
20230724, BANCO MINERO DEL PERU EN LIQUIDACION ,16252,0,16252,202209
20230724, BANCO AGRARIO DEL PERU EN LIQUIDACION ,8262,0,8262,202209
20230724, CORPORACION NACIONAL DE DESARROLLO ,31604,0,31604,202209
20230724, CENTROMIN ,1228279.21,499975,1728254.21,202209
20230724, ELECTRONOROESTE ,8705,0,8705,202209
20230724, CEMENTOS YURA ,21212,0,21212,202209
20230724," FONDO COMPLM. De JUBLCN.MINERA, METLRG y SIDRG ",0,226918744.8,226918744.8,202209
20230724, FONDO PESQUERO LEY Nª 30003 ,0,31052737.66,31052737.66,202209
20230724, PETROPERÙ ,31097666.97,0,31097666.97,202209
20230724, BANCO DE LA NACIÒN  DS 051-88-PCM ,0,2626.36,2626.36,202209
20230724,MINEDU,306934256.2,0,306934256.2,202209
20230724,SOCIEDAD de BENEFICENCIAS,13080526.04,0,13080526.04,202209
20230724,ELECTROLIMA,34275924.57,0,34275924.57,202212
20230724, EMSAL ,25300,1111728,1137028,202212
20230724, ENATA S.A. ,10100,432056.92,442156.92,202212
20230724, ENTEL ,79200,10796885.97,10876085.97,202212
20230724, FODASA ,1055122.1,0,1055122.1,202212
20230724, INST NAC. ADM. PUBLICA - INAP ,1847036.23,0,1847036.23,202212
20230724, S.N.P. DL 19990 ,1258885340,4535494806,5794380145,202212
20230724, SOC. PARAMONGA LTDA. S.A. ,300,33809,34109,202212
20230724, D.L. 18846 ,21734385.1,160059540.8,181793925.9,202212
20230724, ENAPU ,40585819.37,6994545.04,47580364.41,202212
20230724, ENCI ,15071,0,15071,202212
20230724, INDUSTRIAL CACHIMAYO S.A. ,96995,0,96995,202212
20230724, R.T.P. ,493796,0,493796,202212
20230724, ENAFER ,155336,0,155336,202212
20230724, SERV. DE NAC.  DE INTELIGENCIA - SIN ,741134.6,0,741134.6,202212
20230724, PESCA PERU S.A. ,800,123580,124380,202212
20230724, LUSA ,11198,0,11198,202212
20230724, INSTITUTO NAC.de PLANIFICACION-INP ,2529802.11,0,2529802.11,202212
20230724, CIA PERUANA de VAPORES-CPV ,11579305.9,0,11579305.9,202212
20230724, CAJA de AHORROS DE LIMA-CAL ,3535821.7,0,3535821.7,202212
20230724, Serv.Nacnl.de Abstcmnt Agua Potable y Alcntrlld-SENAPA ,165760.07,0,165760.07,202212
20230724, COBERTURA SUPLETORIA SCTR-LEY 26790 ,69588534.19,2008662,71597196.19,202212
20230724, ENACE EN LIQUIDACION ,3879400.91,0,3879400.91,202212
20230724, AEROPERU ,13371,0,13371,202212
20230724, FONDO NACIONAL DE SALUD Y BIENESTAR SOCIAL ,491150.86,0,491150.86,202212
20230724, UNIDADES ADMINISTRATIVAS DE ENLACE TEMPORAL ,2181662.836,0,2181662.836,202212
20230724, BANCO MINERO DEL PERU EN LIQUIDACION ,22046,0,22046,202212
20230724, BANCO AGRARIO DEL PERU EN LIQUIDACION ,11392,0,11392,202212
20230724, CORPORACION NACIONAL DE DESARROLLO ,42383,0,42383,202212
20230724, CENTROMIN ,1684513.21,696960,2381473.21,202212
20230724, ELECTRONOROESTE ,11950,0,11950,202212
20230724, CEMENTOS YURA ,29749,0,29749,202212
20230724," FONDO COMPLM. De JUBLCN.MINERA, METLRG y SIDRG ",0,227417408.2,227417408.2,202212
20230724, FONDO PESQUERO LEY Nª 30003 ,0,45736433.44,45736433.44,202212
20230724, PETROPERÙ ,42903364.61,0,42903364.61,202212
20230724, BANCO DE LA NACIÒN  DS 051-88-PCM ,300,3568.48,3868.48,202212
20230724,MINEDU,426945166,0,426945166,202212
20230724,SOCIEDAD de BENEFICENCIAS,17991194.13,0,17991194.13,202212
20230724,ELECTROLIMA,3584629.22,0,3584629.22,202303
20230724, EMSAL ,0,276756,276756,202303
20230724, ENATA S.A. ,0,175561.4,175561.4,202303
20230724, ENTEL ,0,1954041.16,1954041.16,202303
20230724, FODASA ,215334.15,0,215334.15,202303
20230724, INST NAC. ADM. PUBLICA - INAP ,462583.03,0,462583.03,202303
20230724, S.N.P. DL 19990 ,329323962.6,954013491.7,1283337454,202303
20230724, SOC. PARAMONGA LTDA. S.A. ,0,6909.2,6909.2,202303
20230724, D.L. 18846 ,5444688.6,33058630.15,38503318.75,202303
20230724, ENAPU ,8660125.95,1511573.29,10171699.24,202303
20230724, ENCI ,3166,0,3166,202303
20230724, INDUSTRIAL CACHIMAYO S.A. ,25303.2,0,25303.2,202303
20230724, R.T.P. ,117306.8,0,117306.8,202303
20230724, ENAFER ,30750,0,30750,202303
20230724, SERV. DE NAC.  DE INTELIGENCIA - SIN ,192941.8,0,192941.8,202303
20230724, PESCA PERU S.A. ,0,14246.6,14246.6,202303
20230724, LUSA ,2800,0,2800,202303
20230724, INSTITUTO NAC.de PLANIFICACION-INP ,621947.35,0,621947.35,202303
20230724, CIA PERUANA de VAPORES-CPV ,1750860.15,0,1750860.15,202303
20230724, CAJA de AHORROS DE LIMA-CAL ,912486.48,0,912486.48,202303
20230724, Serv.Nacnl.de Abstcmnt Agua Potable y Alcntrlld-SENAPA ,40115.4,0,40115.4,202303
20230724, COBERTURA SUPLETORIA SCTR-LEY 26790 ,17455347.75,0,17455347.75,202303
20230724, ENACE EN LIQUIDACION ,847490.46,0,847490.46,202303
20230724, AEROPERU ,3455.2,0,3455.2,202303
20230724, FONDO NACIONAL DE SALUD Y BIENESTAR SOCIAL ,117310.2,0,117310.2,202303
20230724, UNIDADES ADMINISTRATIVAS DE ENLACE TEMPORAL ,583584.68,0,583584.68,202303
20230724, BANCO MINERO DEL PERU EN LIQUIDACION ,5700.2,0,5700.2,202303
20230724, BANCO AGRARIO DEL PERU EN LIQUIDACION ,3035.2,0,3035.2,202303
20230724, CORPORACION NACIONAL DE DESARROLLO ,10732.2,0,10732.2,202303
20230724, CENTROMIN ,336405,142774.6,479179.6,202303
20230724, ELECTRONOROESTE ,3102.2,0,3102.2,202303
20230724, CEMENTOS YURA ,6759.2,0,6759.2,202303
20230724," FONDO COMPLM. De JUBLCN.MINERA, METLRG y SIDRG ",0,421022.77,421022.77,202303
20230724, FONDO PESQUERO LEY Nª 30003 ,0,9088783.02,9088783.02,202303
20230724, PETROPERÙ ,9262132.06,0,9262132.06,202303
20230724, BANCO DE LA NACIÒN  DS 051-88-PCM ,0,1042.12,1042.12,202303
20230724,MINEDU,115797436.2,0,115797436.2,202303
20230724,SOCIEDAD de BENEFICENCIAS,4487765.82,0,4487765.82,202303
